years;H_R2_VPA;H_R2_h;H_R2_l;H_R2;H_R3;H_R4;H_R5;H_R6;H_R7;H_R8;H_R9;H_R10;H_R11;H_R12;prop_nH;SSB_H;SSB_H_h;SSB_H_h;prop_H2;prop_H3;prop_H4;prop_H5;prop_H6;prop_H7;prop_H8;prop_H9;wg_H0;wg_H1;wg_H2;wg_H3;wg_H4;wg_H5;wg_H6;wg_H7;wg_H8;wg_H9;wg_H10;wg_H11;wg_H12;wg_H13;wg_H14;wg_H15;C_R3;C_R4;C_R5;C_R6;C_R7;C_R8;C_R9;C_R10;C_R11;C_R12;C_R13;C_R14;C_R15;C_RT;Ca_R1;Ca_R2;Ca_R3;Ca_R4;Ca_R5;Ca_RT;SSB_Ca;SSB_CaM;Puff;SPG;M_R0;M_R1;M_R2;M_R3;M_R4;M_R5;M_R6;M_R7;M_R8;M_R9;M_R10;M_R11;M_R12;M_RT;B_R1;B_R2;B_R3;B_R4;B_R5;B_R6;B_R7;B_R8;B_R9;B_R10;B_RT;C_cH;Mw_cH;Hs_cH;H_0;H_0l;H_0h;T_S;Cal_fin;H_0B;Age_strB;Age_str;C_cH2
1907;13945;;;;;;;;;;;;;;;;;;;;;;;;;;;;;;;;;;;;;;;;;;;;;;;;;;;;;;;;;;;;;;;;;;;;;;;;;;;;;;;;;;;;;;;;;;;;;;;;;;;;;;
1908;7343;;;;;;;;;;;;;;;;;;;;;;;;;;;;;;;;;;;;;;;;;;;;;;;;;;;;;;;;;;;;;;;;;;;;;;;;;;;;;;;;;;;;;;;;;;;;;;;;;;;;;;
1909;4619;;;;;;;;;;;;;;;;;;;;;;;;;;;;;;;;;;;;;;;;;;;;;;;;;;;;;;;;;;;;;;;;;;;;;;;;;;;;;;;;;;;;;;;;;;;;;;;;;;;;;;
1910;5649;;;;;;;;;;;;;;;;;;;;;;;;;;;;;;;;;;;;;;;;;;;;;;;;;;;;;;;;;;;;;;;;;;;;;;;;;;;;;;;;;;;;;;;;;;;;;;;;;;;;;;
1911;4227;;;;;;;;;;;;;;;;;;;;;;;;;;;;;;;;;;;;;;;;;;;;;;;;;;;;;;;;;;;;;;;;;;;;;;;;;;;;;;;;;;;;;;;;;;;;;;;;;;;;;;
1912;7377;;;;;;;;;;;;;;;;;;;;;;;;;;;;;;;;;;;;;;;;;;;;;;;;;;;;;;;;;;;;;;;;;;;;;;;;;;;;;;;;;;;;;;;;;;;;;;;;;;;;;;
1913;3157;;;;;;;;;;;;;;;;;;;;;;;;;;;;;;;;;;;;;;;;;;;;;;;;;;;;;;;;;;;;;;;;;;;;;;;;;;;;;;;;;;;;;;;;;;;;;;;;;;;;;;
1914;7631;;;;;;;;;;;;;;;;;;;;;;;;;;;;;;;;;;;;;;;;;;;;;;;;;;;;;;;;;;;;;;;;;;;;;;;;;;;;;;;;;;;;;;;;;;;;;;;;;;;;;;
1915;18701;;;;;;;;;;;;;;;;;;;;;;;;;;;;;;;;;;;;;;;;;;;;;;;;;;;;;;;;;;;;;;;;;;;;;;;;;;;;;;;;;;;;;;;;;;;;;;;;;;;;;;
1916;3554;;;;;;;;;;;;;;;;;;;;;;;;;;;;;;;;;;;;;;;;;;;;;;;;;;;;;;;;;;;;;;;;;;;;;;;;;;;;;;;;;;;;;;;;;;;;;;;;;;;;;;
1917;4054;;;;;;;;;;;;;;;;;;;;;;;;;;;;;;;;;;;;;;;;;;;;;;;;;;;;;;;;;;;;;;;;;;;;;;;;;;;;;;;;;;;;;;;;;;;;;;;;;;;;;;
1918;13349;;;;;;;;;;;;;;;;;;;;;;;;;;;;;;;;;;;;;;;;;;;;;;;;;;;;;;;;;;;;;;;;;;;;;;;;;;;;;;;;;;;;;;;;;;;;;;;;;;;;;;
1919;19211;;;;;;;;;;;;;;;;;;;;;;;;;;;;;;;;;;;;;;;;;;;;;;;;;;;;;;;;;;;;;;;;;;;;;;;;;;;;;;;;;;;;;;;;;;;;;;;;;;;;;;
1920;35878;;;;;;;;;;;;;;;;;;;;;;;;;;;;;;;;;;;;;;;;;;;;;;;;;;;;;;;;;;;;;;;;;;;;;;;;;;;;;;;;;;;;;;;;;;;;;;;;;;;;;;
1921;31929;;;;;;;;;;;;;;;;;;;;;;;;;;;;;;;;;;;;;;;;;;;;;;;;;;;;;;;;;;;;;;;;;;;;;;;;;;;;;;;;;;;;;;;;;;;;;;;;;;;;;;
1922;30474;;;;;;;;;;;;;;;;;;;;;;;;;;;;;;;;;;;;;;;;;;;;;;;;;;;;;;;;;;;;;;;;;;;;;;;;;;;;;;;;;;;;;;;;;;;;;;;;;;;;;;
1923;14666;;;;;;;;;;;;;;;;;;;;;;;;;;;;;;;;;;;;;;;;;;;;;;;;;;;;;;;;;;;;;;;;;;;;;;;;;;;;;;;;;;;;;;;;;;;;;;;;;;;;;;
1924;42636;;;;;;;;;;;;;;;;;;;;;;;;;;;;;;;;;;;;;;;;;;;;;;;;;;;;;;;;;;;;;;;;;;;;;;;;;;;;;;;;;;;;;;;;;;;;;;;;;;;;;;
1925;70831;;;;;;;;;;;;;;;;;;;;;;;;;;;;;;;;;;;;;;;;;;;;;;;;;;;;;;;;;;;;;;;;;;;;;;;;;;;;;;;;;;;;;;;;;;;;;;;;;;;;;;
1926;15333;;;;;;;;;;;;;;;;;;;;;;;;;;;;;;;;;;;;;;;;;;;;;;;;;;;;;;;;;;;;;;;;;;;;;;;;;;;;;;;;;;;;;;;;;;;;;;;;;;;;;;
1927;55975;;;;;;;;;;;;;;;;;;;;;;;;;;;;;;;;;;;;;;;;;;;;;;;;;;;;;;;;;;;;;;;;;;;;;;;;;;;;;;;;;;;;;;;;;;;;;;;;;;;;;;
1928;18768;;;;;;;;;;;;;;;;;;;;;;;;;;;;;;;;;;;;;;;;;;;;;;;;;;;;;;;;;;;;;;;;;;;;;;;;;;;;;;;;;;;;;;;;;;;;;;;;;;;;;;
1929;3947;;;;;;;;;;;;;;;;;;;;;;;;;;;;;;;;;;;;;;;;;;;;;;;;;;;;;;;;;;;;;;;;;;;;;;;;;;;;;;;;;;;;;;;;;;;;;;;;;;;;;;
1930;16117;;;;;;;;;;;;;;;;;;;;;;;;;;;;;;;;;;;;;;;;;;;;;;;;;;;;;;;;;;;;;;;;;;;;;;;;;;;;;;;;;;;;;;;;;;;;;;;;;;;;;;
1931;4823;;;;;;;;;;;;;;;;;;;;;;;;;;;;;;;;;;;;;;;;;;;;;;;;;;;;;;;;;;;;;;;;;;;;;;;;;;;;;;;;;;;;;;;;;;;;;;;;;;;;;;
1932;87575;;;;;;;;;;;;;;;;;;;;;;;;;;;;;;;;;;;;;;;;;;;;;;;;;;;;;;;;;;;;;;;;;;;;;;;;;;;;;;;;;;;;;;;;;;;;;;;;;;;;;;
1933;12518;;;;;;;;;;;;;;;;;;;;;;;;;;;;;;;;;;;;;;;;;;;;;;;;;;;;;;;;;;;;;;;;;;;;;;;;;;;;;;;;;;;;;;;;;;;;;;;;;;;;;;
1934;31874;;;;;;;;;;;;;;;;;;;;;;;;;;;;;;;;;;;;;;;;;;;;;;;;;;;;;;;;;;;;;;;;;;;;;;;;;;;;;;;;;;;;;;;;;;;;;;;;;;;;;;
1935;21481;;;;;;;;;;;;;;;;;;;;;;;;;;;;;;;;;;;;;;;;;;;;;;;;;;;;;;;;;;;;;;;;;;;;;;;;;;;;;;;;;;;;;;;;;;;;;;;;;;;;;;
1936;35329;;;;;;;;;;;;;;;;;;;;;;;;;;;;;;;;;;;;;;;;;;;;;;;;;;;;;;;;;;;;;;;;;;;;;;;;;;;;;;;;;;;;;;;;;;;;;;;;;;;;;;
1937;22625;;;;;;;;;;;;;;;;;;;;;;;;;;;;;;;;;;;;;;;;;;;;;;;;;;;;;;;;;;;;;;;;;;;;;;;;;;;;;;;;;;;;;;;;;;;;;;;;;;;;;;
1938;14570;;;;;;;;;;;;;;;;;;;;;;;;;;;;;;;;;;;;;;;;;;;;;;;;;;;;;;;;;;;;;;;;;;;;;;;;;;;;;;;;;;;;;;;;;;;;;;;;;;;;;;
1939;83310;;;;;;;;;;;;;;;;;;;;;;;;;;;;;;;;;;;;;;;;;;;;;;;;;;;;;;;;;;;;;;;;;;;;;;;;;;;;;;;;;;;;;;;;;;;;;;;;;;;;;;
1940;62318;;;;;;;;;;;;;;;;;;;;;;;;;;;;;;;;;;;;;;;;;;;;;;;;;;;;;;;;;;;;;;;;;;;;;;;;;;;;;;;;;;;;;;;;;;;;;;;;;;;;;;
1941;23984;;;;;;;;;;;;;;;;;;;;;;;;;;;;;;;;;;;;;;;;;;;;;;;;;;;;;;;;;;;;;;;;;;;;;;;;;;;;;;;;;;;;;;;;;;;;;;;;;;;;;;
1942;26249;;;;;;;;;;;;;;;;;;;;;;;;;;;;;;;;;;;;;;;;;;;;;;;;;;;;;;;;;;;;;;;;;;;;;;;;;;;;;;;;;;;;;;;;;;;;;;;;;;;;;;
1943;18724;;;;;;;;;;;;;;;;;;;;;;;;;;;;;;;;;;;;;;;;;;;;;;;;;;;;;;;;;;;;;;;;;;;;;;;;;;;;;;;;;;;;;;;;;;;;;;;;;;;;;;
1944;11453;;;;;;;;;;;;;;;;;;;;;;;;;;;;;;;;;;;;;;;;;;;;;;;;;;;;;;;;;;;;;;;;;;;;;;;;;;;;;;;;;;;;;;;;;;;;;;;;;;;;;;
1945;43708;;;;;;;;;;;;;;;;;;;;;;;;;;;;;;;;;;;;;;;;;;;;;;;;;;;;;;;;;;;;;;;;;;;;;;;;;;;;;;;;;;;;;;;;;;;;;;;;;;;;;;
1946;37152;;;;;;;;;;;;;;;;;;;;;;;;;;;;;;;;;;;;;;;;;;1414614;679741;383829;180906;85202;89702;241985;85460;36575;32414;18297;8040;2545;3259310;;;;;;;;;;;;;;;;;;;;;;;;;;;;;;;;;;;;;;;;;;;;;;;
1947;16773;;;;;;;;;;;;;;;;;;;;;;;;;;;;;;;;;;;;;;;;;;619663;820790;493761;291773;132484;55841;59402;146079;50823;19662;17773;10005;5836;2723892;;;;;;;;;;;;;;;;;;;;;;;;;;;;;;;;;;;;;;;;;;;;;;;
1948;11825;;;;;;;;;;;;;;;;;;;;;;;;;;;;;;;;;;;;;;;;;;411710;359507;553987;353200;198284;75878;34127;31131;74230;19463;8251;7124;6006;2132898;;;;;;;;;;;;;;;;;;;;;;;;;;;;;;;;;;;;;;;;;;;;;;;
1949;26982;;;;;;;;;;;;;;;;;;;;;;;;;;;;;;;;;;;;;;;;;;579737;276363;268292;396816;234592;109857;44389;17744;16053;30238;7571;3100;4095;1988847;;;;;;;;;;;;;;;;;;;;;;;;;;;;;;;;;;;;;;;;;;;;;;;
1950;14271;;;;;;;;;;;;;;;;;;0;0;0.2;0.8;1;1;1;1;0.001;0.008;0.047;0.100;0.204;0.230;0.255;0.275;0.290;0.305;0.315;0.325;0.330;0.340;0.345;0.364;879176;376385;222605;190796;236633;120398;60542;22805;8848;6185;11945;2690;2083;2141091;;;;;;;;;;;;;;;;;;;;;;;;;;;;;;;;;;;;;;;;;;;;;;;
1951;9468;;;;;;;;;;;;;;;;;;0;0;0.2;0.8;1;1;1;1;0.001;0.008;0.047;0.100;0.204;0.230;0.255;0.275;0.290;0.305;0.315;0.325;0.330;0.340;0.345;0.364;2462102;675359;291762;170184;117564;123966;67141;30109;10726;3036;2026;3956;1119;3959050;;;;;;;;;;;;;;;;;;;;;;;;;;;;;;;;;;;;;;;;;;;;;;;
1952;117805;;;;;;;;;;;;;;;;;;0;0;0.1;0.6;1;1;1;1;0.001;0.008;0.047;0.100;0.204;0.230;0.255;0.275;0.290;0.305;0.315;0.325;0.330;0.340;0.345;0.364;2317108;1154160;417180;179222;104343;60254;66698;33001;14038;4125;1077;674;1257;4353137;;;;;;;;;;;;;;;;;;;;;;;;;;;;;;;;;;;;;;;;;;;;;;;
1953;16978;;;;;;;;;;;;;;;;;;0;0;0.3;0.4;0.9;1;1;1;0.001;0.008;0.047;0.100;0.204;0.230;0.255;0.275;0.290;0.305;0.315;0.325;0.330;0.340;0.345;0.364;2574350;1105160;666787;232953;90266;53335;30947;29956;12972;4219;1158;303;376;4802782;;;;;;;;;;;;;;;;;;;;;;;;;;;;;;;;;;;;;;;;;;;;;;;
1954;9164;;;;;;;;;;;;;;;;;;0;0;0.1;0.7;0.9;1;1;1;0.001;0.008;0.047;0.100;0.204;0.230;0.255;0.275;0.290;0.305;0.315;0.325;0.330;0.340;0.345;0.364;849182;1453025;702168;400802;132403;49924;32260;16319;14315;5170;1692;468;227;3657955;;;;;;;;;;;;;;;;;;;;;;;;;;;;;;;;;;;;;;;;;;;;;;;
1955;8228;;;;;;;;;;;;;;;;;;0;0.1;0.4;0.4;1;1;1;1;0.001;0.008;0.047;0.100;0.195;0.213;0.260;0.275;0.290;0.305;0.315;0.325;0.330;0.340;0.345;0.364;388317;557380;963155;425297;224691;72355;29253;17376;7149;5447;1954;659;239;2693272;;;;;;;;;;;;;;;;;;;;;;;;;;;;;;;;;;;;;;;;;;;;;;;
1956;2357;;;;;;;;;;;;;;;;;;0;0;0.5;0.7;0.6;1;1;1;0.001;0.008;0.047;0.100;0.205;0.230;0.249;0.275;0.290;0.305;0.315;0.325;0.330;0.340;0.345;0.364;745849;251103;386509;563485;213171;111029;36047;13945;7229;2318;1917;737;314;2333653;;;;;;;;;;;;;;;;;;;;;;;;;;;;;;;;;;;;;;;;;;;;;;;
1957;1495;;;;;;;;;;;;;;;;;;0;0;0.3;0.8;0.8;0.7;1;1;0.001;0.008;0.047;0.100;0.136;0.228;0.255;0.262;0.290;0.305;0.315;0.325;0.330;0.340;0.345;0.364;1421315;406761;155102;211348;248582;90624;49018;15085;5095;2162;600;606;345;2606643;;;;;;;;;;;;;;;;;;;;;;;;;;;;;;;;;;;;;;;;;;;;;;;
1958;1447;;;;;;;;;;;;;;;;;;0;0;0.3;0.5;0.9;0.9;1;1;0.001;0.008;0.047;0.100;0.204;0.242;0.292;0.295;0.293;0.305;0.315;0.330;0.340;0.345;0.352;0.363;1027987;702580;246487;91819;106507;116402;42005;22726;6100;1690;719;202;372;2365596;;;;;;;;;;;;;;;;;;;;;;;;;;;;;;;;;;;;;;;;;;;;;;;
1959;1117;;;;;;;;;;;;;;;;;;0;0;0.7;0.8;1;0.9;1;1;0.001;0.008;0.047;0.100;0.204;0.252;0.260;0.290;0.300;0.305;0.315;0.325;0.330;0.340;0.345;0.358;1323033;541564;423645;135545;44783;51513;56686;19761;9647;2320;639;341;281;2609758;;;;;;;;;;;;;;;;;;;;;;;;;;;;;;;;;;;;;;;;;;;;;;;
1960;1185;;;;;;;;;;;;;;;;;;0;0;0.3;0.9;0.9;1;1;1;0.001;0.008;0.047;0.100;0.204;0.270;0.291;0.293;0.321;0.318;0.320;0.344;0.349;0.370;0.379;0.378;1477129;625689;286713;216548;66420;21940;25628;26526;8121;3860;950;280;309;2760113;;;;;;;;;;;;;;;;;;;;;;;;;;;;;;;;;;;;;;;;;;;;;;;
1961;54883;;;;;;;;;;;;;;;;;;0;0;0.1;0.8;1;0.9;1;1;0.001;0.008;0.047;0.100;0.232;0.250;0.292;0.302;0.304;0.323;0.322;0.321;0.344;0.357;0.363;0.368;1525833;700116;346072;147800;109163;34576;10967;12823;10869;2920;1544;413;248;2903344;;;;;;;;;;;;;;;;;;;;;;;;;;;;;;;;;;;;;;;;;;;;;;;
1962;19058;;;;;;;;;;;;;;;;;;0;0;0.1;0.7;1;1;1;1;0.001;0.008;0.047;0.100;0.219;0.291;0.300;0.316;0.324;0.326;0.335;0.338;0.334;0.347;0.354;0.358;1250103;796167;383271;162924;65767;51240;15272;4358;4675;3409;926;558;246;2738916;;;;;;;;;;;;;;;;;;;;;;;;;;;;;;;;;;;;;;;;;;;;;;;
1963;8368;;;;;;;;;;;;;;;;;;0;0;0.1;0.4;1;1;1;1;0.001;0.008;0.047;0.100;0.185;0.253;0.294;0.312;0.329;0.327;0.334;0.341;0.349;0.341;0.358;0.375;843440;707610;442783;161732;60759;27205;21218;5554;1342;1520;1207;337;324;2275031;;;;;;;;;;;;;;;;;;;;;;;;;;;;;;;;;;;;;;;;;;;;;;;
1964;832;;;;;;;;;;;;;;;;;;0;0;0.1;0.4;0.8;1;1;1;0.001;0.008;0.047;0.100;0.194;0.213;0.264;0.317;0.363;0.353;0.349;0.354;0.357;0.359;0.365;0.402;486159;386580;371460;183746;55744;21094;9324;6699;1450;328;499;430;258;1523771;;;;;;;;;;;;;;;;;;;;;;;;;;;;;;;;;;;;;;;;;;;;;;;
1965;24938;;;;;;;;;;;;;;;;;;0;0;0.5;0.4;0.9;0.8;1;1;0.001;0.008;0.047;0.100;0.186;0.199;0.236;0.260;0.363;0.350;0.370;0.360;0.378;0.387;0.390;0.394;908344;264020;244649;201530;86701;24647;8261;3134;2219;434;104;152;250;1744445;;;;;;;;;;;;;;;;;;;;;;;;;;;;;;;;;;;;;;;;;;;;;;;
1966;12174;;;;;;;;;;;;;;;;;;0;0;0.5;0.7;0.9;1;1;1;0.001;0.008;0.047;0.100;0.185;0.219;0.222;0.249;0.306;0.354;0.377;0.391;0.379;0.378;0.361;0.383;1898219;586851;180129;144131;107624;44532;11173;3187;1159;869;182;33;141;2978230;;;;;;;;;;;;;;;;;;;;;;;;;;;;;;;;;;;;;;;;;;;;;;;
1967;384;;;;;;;;;;;;;;;;;;0;0;0.3;0.8;1;1;1;1;0.001;0.008;0.047;0.100;0.180;0.228;0.269;0.270;0.294;0.324;0.420;0.430;0.366;0.368;0.433;0.414;1261515;1289017;407680;114336;81910;56889;20973;4558;1268;504;411;79;73;3239213;;;;;;;;;;;;;;;;;;;;;;;;;;;;;;;;;;;;;;;;;;;;;;;
1968;1182;;;;;;;;;;;;;;;;;;0;0;0;0.7;0.9;1;1;1;0.001;0.008;0.047;0.100;0.115;0.206;0.266;0.275;0.274;0.285;0.350;0.325;0.363;0.408;0.388;0.378;186414;955003;887934;263060;71325;43832;25365;7822;1678;477;216;164;73;2443363;;;;;;;;;;;;;;;;;;;;;;;;;;;;;;;;;;;;;;;;;;;;;;;
1969;264;;;;;;;;;;;;;;;;;;0;0.1;0.2;0.3;1;1;1;1;0.001;0.008;0.047;0.100;0.115;0.145;0.270;0.300;0.306;0.308;0.318;0.340;0.368;0.360;0.393;0.397;111496;143502;655814;498564;143625;38705;19423;9236;2898;676;221;81;106;1624347;;;;;;;;;;;;;;;;;;;;;;;;;;;;;;;;;;;;;;;;;;;;;;;
1970;72;;;;;;;;;;;;;;;;;;0;0;0.4;0.3;0.4;1;1;1;0.001;0.008;0.047;0.100;0.209;0.272;0.230;0.295;0.317;0.323;0.325;0.329;0.380;0.370;0.380;0.391;213984;88745;95797;342514;230270;60732;13966;5474;2738;934;274;84;83;1055595;;;;;;;;;;;;;;;;;;;;;;;;;;;;;;;;;;;;;;;;;;;;;;;
1971;1135;;;;;;;;;;;;;;;;;;0;0;0.1;0.7;1;1;1;1;0.001;0.015;0.080;0.100;0.190;0.225;0.250;0.275;0.290;0.310;0.325;0.335;0.345;0.355;0.365;0.390;389880;152798;61460;53140;164448;100229;21536;4357;1793;1044;442;117;78;951322;;;;;;;;;;;;;;;;;;;;;;;;;;;;;;;;;;;;;;;;;;;;;;;
1972;51;;;;;;;;;;;;;;;;;;0;0;0.4;0.3;1;1;1;1;0.001;0.010;0.070;0.150;0.150;0.140;0.210;0.240;0.270;0.300;0.325;0.335;0.345;0.355;0.365;0.390;995265;300631;110013;39928;31672;80681;38895;7012;1574;711;505;209;98;1607194;;;;;;;;;;;;;;;;;;;;;;;;;;;;;;;;;;;;;;;;;;;;;;;
1973;5;;;;;;;;;;;;;;;;;;0;0.1;0.6;1;1;1;1;1;0.001;0.010;0.085;0.170;0.259;0.342;0.384;0.409;0.404;0.461;0.520;0.534;0.500;0.500;0.500;0.500;1859149;703473;203223;65654;22849;17101;29253;10274;1886;464;277;179;133;2913915;528;375;40;17;0;961;5144;1350;;;;;;;;;;;;;;;;;;;;;;;;;;;;;;;;;;;;;;;
1974;66;;;;;;;;;;;;;;;;;;0;0;0.6;0.9;1;1;1;1;0.001;0.010;0.085;0.170;0.259;0.342;0.384;0.409;0.444;0.461;0.520;0.543;0.482;0.482;0.482;0.482;640859;1322275;463504;113662;35379;12247;7735;9528;3555;701;204;122;150;2609921;305;547;173;3;0;1029;5733;907;;;;;;;;;;;;;;;;;;;;;;;;;;;;;;;;;;;;;;;
1975;2091;;;;;;;;;;;;;;;;;;0;0.1;0.5;0.9;1;1;1;1;0.001;0.010;0.085;0.181;0.259;0.342;0.384;0.409;0.444;0.461;0.520;0.543;0.482;0.482;0.482;0.482;598970;429311;727099;230258;55212;17595;5674;3249;3089;1092;267;63;115;2071994;190;348;296;86;0;921;7806;2916;;;;;;;;;;;;;;;;;;;;;;;;;;;;;;;;;;;;;;;
1976;1405;;;;;;;;;;;;;;;;;;0;0.1;0.9;0.9;1;1;1;1;0.001;0.010;0.085;0.181;0.259;0.342;0.384;0.409;0.444;0.461;0.520;0.543;0.482;0.482;0.482;0.482;609034;434546;257447;341440;104382;24689;7344;2374;1418;951;403;89;85;1784202;211;233;163;77;12;696;6417;3200;;;;;;;;;;;;;;;;;;;;;;;;;;;;;;;;;;;;;;;
1977;481;;;;;;;;;;;;;;;;;;0;0.3;0.8;1;1;1;1;1;0.001;0.010;0.085;0.181;0.259;0.343;0.384;0.409;0.444;0.461;0.520;0.543;0.482;0.482;0.482;0.482;372580;422639;258015;123187;145080;44087;9352;2796;1116;650;371;156;81;1380110;360;175;99;40;7;681;4796;2676;;;;;;;;;;;;;;;;;;;;;;;;;;;;;;;;;;;;;;;
1978;1656;;;;;;;;;;;;;;;;;;0;0.2;0.9;1;1;1;1;1;0.001;0.010;0.085;0.180;0.294;0.326;0.371;0.409;0.461;0.476;0.520;0.543;0.500;0.500;0.500;0.500;629621;249072;220547;108879;48993;54727;14633;2778;1016;425;290;114;84;1331179;84;392;76;9;1;561;4247;1402;;;;;;;;;;;;;;;;;;;;;;;;;;;;;;;;;;3.42;;;;;
1979;830;;;;;;;;;;;;;;;;;;0;0.1;0.9;1;1;1;1;1;0.001;0.010;0.085;0.178;0.232;0.359;0.385;0.420;0.444;0.505;0.520;0.551;0.500;0.500;0.500;0.500;211340;451025;148074;91550;39176;17390;15642;3308;693;189;97;47;39;978570;12;333;114;5;0;464;4162;1227;;;;;;;;;;;;;;;;;;;;;;;;;;;;;;;;;;4.03;;;;;
1980;1017;;;;;;;;;;;;;;;;;;0;0.1;0.9;1;1;1;1;1;0.001;0.010;0.085;0.175;0.283;0.347;0.402;0.421;0.465;0.465;0.520;0.534;0.500;0.500;0.500;0.500;130233;162996;301930;81020;39050;15831;6442;4362;949;159;44;18;12;743046;270;196;155;33;0;654;6715;3913;1519084;;7750521;4653503;1994678;859737;1436702;3133512;2510612;863764;331686;893401;254857;370675;720141;25773789;;;;;;;;;;;;;;;77;12;142;4.45;;;;;
1981;2013;;;;;;;;;;;;;;;;;;0;0.1;1;1;1;1;1;1;0.001;0.010;0.085;0.170;0.224;0.336;0.378;0.387;0.408;0.397;0.520;0.543;0.512;0.512;0.512;0.512;159906;102328;117817;173347;35998;14813;5541;1986;1178;221;42;9;4;613190;403;195;48;14;0;660;3895;1551;1612170;;6406269;6674218;3851943;1618606;677785;1086645;2319913;1795418;616978;236932;638392;182078;779558;26884735;3943692;3488784;4859060;2076248;2618264;2146444;1649518;1744321;1220346;2953625;26700302;;;;37;0;86;3.91;;;;;
1982;254;;;;;;;;;;;;;;;;;;0;0.1;0.8;1;1;1;1;1;0.001;0.010;0.085;0.170;0.204;0.303;0.355;0.383;0.395;0.413;0.453;0.468;0.506;0.506;0.506;0.506;174366;131289;82259;63408;78764;13736;4681;1619;660;328;74;14;5;551203;528;148;57;2;0;735;3779;1591;1552096;;1976069;5704000;5596469;3202496;1255507;502708;814036;1654449;1282244;440339;169181;455649;686085;23739232;4664381;2960440;2521907;3288160;1587728;1502456;1297429;1015300;891437;1940099;21669337;;;;2519;0;5992;4.74;;;;;
1983;179;;;;;;;;;;;;;;;;;;0;0.1;0.9;1;1;1;1;1;0.001;0.010;0.085;0.155;0.249;0.304;0.368;0.404;0.424;0.437;0.436;0.493;0.495;0.495;0.495;0.495;156040;129508;93633;48530;25441;24735;4151;1407;583;238;109;30;7;484412;515;200;38;0;0;754;4230;1329;1263631;;1571022;1616192;4948040;4822696;2669203;900550;382695;581517;1179309;915906;314231;120858;813009;20835228;18115304;3773493;1878552;1823709;1908926;1219432;1012103;853821;626640;1273072;32485052;;;;195446;69415;321477;5.09;;;;;
1984;378;;;;;;;;;;;;;;;;;;0;0.1;0.7;1;1;1;1;1;0.001;0.010;0.085;0.140;0.204;0.295;0.338;0.376;0.395;0.407;0.413;0.422;0.437;0.437;0.437;0.437;413625;122949;85424;55453;21581;8538;7205;1246;534;248;102;43;13;716961;155;187;48;3;0;393;2964;1208;1000037;;5911986;1251155;1288926;4516385;4073668;2047940;652194;279837;411693;839983;654130;224335;664842;22817074;18014177;14418718;2439230;1234269;1263492;1392379;813203;549695;481380;934332;41540875;78;;;27354;3425;51284;5.02;;;;;78420.1054880831
1985;62236;;;;;;;;;;;;;;;;;;0;0.1;0.8;0.9;1;1;1;1;0.001;0.010;0.085;0.148;0.234;0.265;0.312;0.346;0.370;0.395;0.397;0.428;0.428;0.428;0.428;0.428;555957;362817;83266;45757;23845;5428;2194;2074;393;207;102;49;19;1082108;39;48;21;1;0;109;860;285;881297;;3856995;5420373;972292;1006458;3961881;3175475;1561824;470366;205305;294981;597984;466509;633036;22623479;9611988;13503947;9735673;1453143;750716;910275;745441;457726;265989;724254;38159152;183;;;20081;3933;36228;4.37;;;;;182715.690783036
1986;2619;;;;;;;;;;;;;;;;;;0;0;0.5;0.9;0.9;1;1;1;0.001;0.010;0.085;0.054;0.206;0.265;0.289;0.339;0.368;0.391;0.382;0.388;0.395;0.395;0.395;0.395;1118230;433787;246387;43987;18693;7045;1459;811;857;180;100;56;26;1871618;6;5;3;0;0;14;120;65;779978;;3835380;3217029;4842709;755269;807785;3039200;2343384;1093914;328654;148484;212258;423241;776749;21824056;7249682;6409196;9412823;5530414;943091;453109;470431;376132;229802;496885;31571565;131;;;93;27;160;3.78;;;;;101854.865998161
1987;16221;;;;;;;;;;;;;;;;;;0;0;0.1;0.8;0.9;0.9;1;1;0.001;0.010;0.055;0.090;0.143;0.241;0.279;0.299;0.316;0.342;0.343;0.362;0.376;0.376;0.376;0.376;326684;965139;263801;105533;15042;6048;1720;490;245;284;63;49;25;1685123;38;2;0;0;0;39;101;17;646616;;5394520;3214005;2622680;4369121;568199;652426;2157767;1620849;786281;228410;105041;149601;837345;22706245;9122396;5061002;4097616;6843814;2562277;396719;253566;237646;156249;292857;29024142;32;;;49;0;111;4.38;;;;66.1;32128.4782585213
1988;888;338;942;640;1178;739;14435;120;32;23;59;27;20;32;83.63545052;2108;1794;2422;0;0;0.2;0.7;0.9;1;1;1;0.001;0.015;0.050;0.098;0.135;0.197;0.277;0.315;0.339;0.343;0.359;0.365;0.376;0.376;0.376;0.376;297500;241169;624115;116353;29759;4426;1488;469;122;54;60;25;14;1315554;21;29;0;0;0;50;428;200;653708;;3362579;4790054;2635582;2102982;3770464;394514;523863;1453406;1123879;559979;157144;73519;681914;21629879;6427638;6873810;3531484;2884514;3707908;1260555;198998;125516;99236;171477;25281136;8;;;60782;20877;100687;4.0;;;4.18704933586338;66.7;8427.21008990931
1989;2551;687;1649;1168;248;950;619;11941;99;26;17;40;16;37;33.28123084;3260;2774;3747;0;0;0.4;0.8;1;1;1;1;0.001;0.015;0.100;0.154;0.175;0.209;0.252;0.305;0.367;0.377;0.359;0.395;0.396;0.396;0.396;0.396;188615;222305;154378;343197;49335;8555;1314;401;90;24;9;21;9;968253;189;18;3;0;0;209;864;175;932772;;3601083;2791294;4151447;2267428;1648739;2885724;280542;411136;1060679;779546;388105;105748;516017;20887488;8537748;4633873;4991355;2430816;2129918;1682807;352575;102615;60199;115895;25037801;3;;;17956;8252;27661;5.42;;;1.33239263803681;68.6;2921.71339742276
1990;6093;3179;5371;4275;470;209;804;519;9943;82;21;13;30;41;6.086716043;3528;3013;4043;0;0.2;0.5;0.9;1;1;1;1;0.001;0.008;0.048;0.219;0.198;0.258;0.288;0.309;0.428;0.370;0.403;0.387;0.440;0.440;0.440;0.44;155384;147153;144470;105531;165268;20721;2960;537;126;29;8;4;6;742197;700;178;16;0;0;894;5831;2617;962526;;2584288;3116740;2263634;3809144;1800686;1094092;1993896;188509;309038;719709;513918;262315;416934;19072903;18736561;6005399;3106085;2737879;1482622;1189410;563082;121621;33337;84487;34060483;7;;;15172;0;36389;5.59;;;0.199631519274376;70.1;7122.47398368926
1991;15329;9162;13423;11293;1732;399;177;677;433;8297;67;17;10;57;4.146322099;3303;2822;3783;0;0;0.9;0.9;1;1;1;1;0.001;0.011;0.037;0.147;0.210;0.244;0.300;0.324;0.336;0.343;0.382;0.366;0.425;0.425;0.425;0.425;395216;133782;108906;98753;66818;94589;11159;1536;268;54;11;3;3;911098;402;580;33;1;0;1016;7287;2248;900624;;3243249;2146980;2630428;1986829;2923925;1239644;803823;1271565;123601;216105;474639;324277;438303;17823368;8988548;15608671;4282592;1798497;1492165;870272;561713;190059;32994;45240;33870751;8;;;267644;107990;427299;5.19;;;0.126491068725401;71.1;7052.04492084003
1992;27939;15447;21596;18521;4586;1483;340;150;568;364;6918;55;14;56;12.80021551;3331;2872;3789;0;0;0.8;1;1;1;1;1;0.001;0.007;0.030;0.128;0.224;0.296;0.327;0.355;0.345;0.367;0.341;0.361;0.430;0.470;0.470;0.46;732230;315822;106854;75824;57470;37932;53012;6517;957;163;29;7;2;1386819;351;196;129;1;0;678;5150;2228;965057;;3886031;2776509;1741654;2416739;1458623;1838572;946094;511140;745711;77710;135206;284713;459432;17278134;6713109;7409881;12477451;3311350;1265977;794944;487709;288632;102008;39508;32890569;330;78.2;0;83909;48399;119419;5.0;;;0.370879615731012;71.2;181576.592029484
1993;76093;43368;56103;49735;7525;3933;1260;286;125;475;303;5720;45;57;21.67032967;3302;2890;3714;0;0;0.5;1;1;1;1;1;0.001;0.008;0.025;0.081;0.201;0.265;0.323;0.354;0.358;0.381;0.369;0.396;0.393;0.374;0.403;0.4;925351;531450;250538;70999;38021;28156;17586;27443;3343;528;80;18;2;1893515;2;53;17;2;2;75;796;330;913565;-1.7735;3045153;3371213;2320685;1482507;1936356;946709;1156693;595837;311527;403224;43802;77335;412102;16103143;4998700;5132861;5288210;9706302;2261567;978157;518320;283539;157823;74937;29400416;162;71.5;49.6;291468;1429;581506;5.05;;1035.0;0.671865536038764;70;111683.432695089
1994;96423;52269;66520;59395;20202;6447;3317;1029;232;102;385;243;4529;79;19.27363379;3431;3022;3841;0;0;0.1;0.9;1;1;1;1;0.001;0.010;0.025;0.075;0.151;0.254;0.318;0.371;0.347;0.412;0.382;0.407;0.410;0.410;0.410;0.41;730875;717173;396767;147080;35359;16735;11851;7112;11680;1340;183;31;3;2076189;20;3;4;0;0;28;200;94;911609;-2.4555;2888409;2574073;2853235;1901314;1048497;1315821;598254;667257;325256;169709;198426;22471;261141;14823863;8135997;3417183;4076316;3410694;6919250;1441441;764562;328596;205616;117856;28817511;145;61.5;;103891;0;212765;4.87;;173.0;0.574613815214223;67.9;116950.495787268
1995;14553;12910;18163;15537;24118;17304;5428;2606;774;179;80;298;183;3414;27.5660748;3508;3114;3902;0;0;0;0.6;1;1;1;1;0.001;0.018;0.025;0.066;0.138;0.230;0.296;0.346;0.388;0.363;0.409;0.414;0.422;0.410;0.410;0.426;498667;498136;524020;222611;57351;12158;5336;3540;2265;3508;304;44;1;1827941;7;8;2;0;0;17;193;118;956026;-2.28;2425238;2473456;2120474;2351623;1395745;667912;934839;364148;282228;159252;90147;103818;145339;13514219;9335808;5886126;3141338;2577034;2857853;3751871;1039398;543237;219866;185984;29538515;113;33.1;1.63;11018;4409;17627;5.16;50746.0;12.0;0.847947548460661;66;92012.0643977734
1996;7193;4485;6927;5706;6301;20605;14477;4149;1754;510;129;58;205;2227;53.50286334;4096;3696;4496;0;0;0;0.5;0.9;1;1;1;0.001;0.018;0.025;0.076;0.118;0.188;0.261;0.316;0.346;0.374;0.390;0.390;0.384;0.398;0.398;0.398;408240;296080;331706;292931;97206;18995;4185;1580;1107;650;1034;66;1;1453781;82;12;2;0;0;96;503;248;902370;-1.27;3468432;2018977;2063911;2087839;1761690;947183;486344;563023;208508;135522;81118;48353;134326;14005226;27984503;7110350;4084034;2399449;1558932;1867109;2242241;644926;306700;248522;48446766;46;1.4;0.01;549608;256160;843055;4.45;28580.0;438.0;2.07109375;64.9;18073.9509662618
1997;3874;1518;2655;2086;2309;5350;17031;11085;2804;1129;334;90;39;1364;51.61458836;5355;4873;5836;0;0.1;0;0.4;0.9;1;1;1;0.001;0.018;0.025;0.096;0.118;0.174;0.229;0.286;0.323;0.370;0.378;0.386;0.360;0.393;0.391;0.391;668993;224145;201312;178249;120889;37152;5888;1517;508;334;181;290;3;1439461;99;39;2;0;0;140;911;312;1027844;-0.63;2676317;3033938;1638484;1886939;1728231;1183072;700631;323875;331667;141769;84077;44956;108136;13882092;44654015;21276484;5494343;2574210;1424080;1071777;1064883;1218157;290420;333352;79401721;5;9.7;0.01;463243;176669;749817;4.3;30844.0;352.0;2.19564892623716;64.7;2793.33180086609
1998;12752;8793;12731;10762;842;1915;4300;12956;7712;1750;661;206;54;759;38.6683235;5908;5378;6438;0;0;0.6;0.4;0.9;1;1;1;0.001;0.018;0.025;0.074;0.147;0.174;0.217;0.242;0.278;0.304;0.310;0.359;0.340;0.344;0.385;0.369;952273;436206;129307;95091;69794;41366;9970;1434;394;126;81;57;69;1736168;179;73;11;1;0;263;2056;931;953807;-0.44;3246924;2230568;2589748;1235950;1603085;1442468;843866;466220;253753;207980;97984;54502;101486;14374534;26698034;37684012;16390067;3500268;1380547;928845;780824;604511;618616;294523;88880247;82;14.1;;476065;277542;674589;4.98;24158.0;988.0;1.68021327014218;66.8;66942.7685150054
1999;;5110;7768;6439;4346;693;1480;3306;9448;5368;1115;406;120;457;15.16475107;5770;5219;6322;0;0;0.3;0.9;0.9;1;1;1;0.001;0.018;0.025;0.102;0.150;0.223;0.240;0.264;0.283;0.315;0.345;0.386;0.386;0.386;0.382;0.395;542446;578126;252128;59584;32837;25633;11499;2592;321;105;30;27;44;1505372;156;101;27;1;0;285;2776;1718;973941;-0.24;3753406;2717670;1811668;2399436;1148736;1246929;899401;596413;305369;177515;132390;64192;106159;15359284;20324984;20540726;27575781;10528634;1715494;776468;521586;410706;238132;428401;83060912;127;40.4;0.83;35932;13017;58848;5.3;13523.0;440.0;0.563206239168111;68.1;111781.367062882
2000;;28460;37680;33070;2608;3621;541;1129;2451;6695;3599;697;240;302;8.314074985;4799;4296;5303;0;0;0.2;0.8;1;1;1;1;0.001;0.018;0.025;0.119;0.178;0.225;0.271;0.285;0.298;0.311;0.339;0.390;0.398;0.406;0.414;0.427;671163;396869;374491;116201;23032;11218;7080;2632;624;89;27;9;28;1603463;449;111;34;1;0;595;4273;2099;960085;-0.2027;2588498;3214851;2225301;1606592;1825073;887036;858755;617614;371428;189592;114796;75161;114888;14689585;39079520;15297659;16594148;15830032;4347296;1108867;472166;324122;155373;314533;93523716;53;31.9;0.06;469626;22507;916746;5.16;15553.0;404.0;0.281871223171494;67.8;48524.2273001368
2001;;24671;33066;28868;13404;2183;2713;406;829;1750;4567;2226;406;268;19.20787681;3986;3535;4437;0;0;0.3;0.9;0.9;1;1;1;0.001;0.018;0.025;0.075;0.178;0.238;0.247;0.296;0.307;0.314;0.328;0.351;0.376;0.406;0.414;0.425;549501;525685;293274;183895;50817;8808;3487;1908;692;229;28;13;18;1618355;114;219;31;1;0;364;3630;2019;852154;-0.53;5132275;1656113;2598715;1718343;1181814;1248500;571109;568121;407934;233962;116459;69488;117007;15619840;55497740;31482540;12072473;10747410;7479057;1704442;491788;227543;161849;180036;120044878;72;22.7;;10008;2021;17996;4.83;16436.0;9.0;0.650928248871049;68.1;56157.2539738246
2002;;9310;13536;11423;11708;11367;1740;1994;303;615;1260;3165;1471;447;20.15772264;3528;3109;3946;0;0;0.1;0.9;1;1;1;1;0.001;0.010;0.023;0.057;0.177;0.241;0.275;0.302;0.311;0.314;0.328;0.341;0.372;0.405;0.415;0.438;408103;418213;374612;187904;81836;20045;3138;1200;617;270;95;13;12;1496058;60;91;50;1;0;201;2210;1290;859223;-0.19;8708579;5540645;1156202;2288967;1376087;872918;792513;353005;323896;215643;121321;59571;101807;21911154;48380225;45012302;20420467;8317975;5471791;3413372;695587;256524;102664;154653;132225560;87;25.2;;151514;58954;244073;5.11;23915.0;NaN;0.683219954648526;67.9;72314.4384418598
2003;;5193;7972;6582;4626;9891;9175;1282;1395;220;431;853;2093;1282;47.70033904;4172;3707;4637;0;0;0.2;0.7;1;1;1;1;0.001;0.010;0.055;0.098;0.159;0.211;0.272;0.305;0.292;0.331;0.337;0.347;0.356;0.381;0.414;0.433;691817;302962;295966;245586;86851;32452;6978;1177;447;302;113;55;9;1664715;82;10;11;1;0;104;533;280;922870;0.01;2992952;7640107;4778023;863689;1507762;828969;513453;384012;207701;170164;104783;58960;74253;20124828;52143422;38633073;34816368;13565168;5063018;2969554;1214175;348189;90256;107123;148950346;216;8.1;;177676;52699;302653;5.09;15777.0;471.0;1.82440076701822;67.3;216797.244374631
2004;;50230;65046;57638;2669;3919;8171;7204;945;1018;160;303;574;2214;43.23454716;5270;4706;5834;0;0;0.3;0.9;1;1;1;1;0.001;0.010;0.055;0.106;0.149;0.212;0.241;0.279;0.302;0.337;0.354;0.355;0.360;0.371;0.400;0.429;245941;562237;212672;191228;122846;36638;12761;2846;498;250;173;68;35;1388193;51;25;6;1;0;82;628;294;837704;0.32;3936957;2374435;6322183;3630261;725866;939853;441021;253679;173905;103054;77607;43288;52784;19074893;27840934;41597583;29708160;20801295;7277885;2454603;1318032;508010;152905;81304;131740711;211;0.1;;773891;544964;1002819;5.65;9992.0;2243.0;1.71851992409867;68.7;190068.709226614
2005;;20221;28038;24130;23391;2268;3264;6599;5552;703;737;116;212;1736;14.66628917;5401;4810;5993;0;0;0.2;0.8;1;1;1;1;0.001;0.010;0.046;0.112;0.156;0.234;0.267;0.295;0.330;0.363;0.377;0.414;0.406;0.308;0.420;0.452;630342;188025;400448;134075;98399;41856;11824;4285;916;210;123;116;57;1510676;27;13;2;0;0;42;324;174;800000;0.69;6300180;3434107;2163769;4805540;2007947;533921;494521;230731;124998;84052;54332;31887;40653;20306638;21854787;20958087;28217872;17943922;10759639;3244168;1107069;515249;193741;99173;104893707;130;;0;125927;20407;231447;5.51;26477.0;406.0;0.508331790409184;67.8;76828.8046748471
2006;;36496;49210;42853;9787;19783;1868;2605;5043;3937;479;497;76;1131;29.12950726;5365;4783;5947;0;0;0.2;0.8;1;1;1;1;0.001;0.010;0.042;0.107;0.179;0.232;0.272;0.297;0.318;0.371;0.365;0.393;0.395;0.399;0.415;0.428;538769;458445;136323;234470;70457;36390;13604;3811;1452;413;96;80;120;1494430;60;22;6;0;0;88;787;437;810102;0.94;11464574;6745432;3206972;1796105;3141256;1174809;374910;283550;134023;70411;49742;30210;38505;28510499;8915416;15214984;21736797;19133061;9422615;4457765;1359644;483782;218294;120636;81062994;169;;;294649;102788;486511;5.93;30508.0;1321.0;1.04350419384902;67.8;93325.0474159128
2007;;9462;14280;11871;17381;8322;16368;1501;2035;3700;2710;330;343;711;45.17417436;6901;6176;7627;0;0;0.2;0.8;1;1;1;1;0.001;0.010;0.036;0.086;0.155;0.226;0.265;0.312;0.310;0.364;0.384;0.352;0.386;0.304;0.420;0.412;1410572;448418;295018;87069;124216;31375;13125;4445;1320;593;168;50;98;2416467;222;55;4;0;0;280;1882;844;842005;0.89;5374061;8364901;5761560;2674246;1524897;2021532;756155;252284;171286;87865;42040;30128;37494;27098449;4873765;5916804;12980388;15742899;10276454;4686246;1836896;611595;228534;162864;57316445;291;;;144002;25099;262905;5.76;19639.0;275.0;1.70778148094479;67.8;76324.526619207
2008;;13971;20591;17281;4808;14743;6853;12594;1137;1488;2523;1795;221;723;24.16428039;6987;6215;7759;0;0;0.1;0.7;0.9;1;1;1;0.001;0.010;0.044;0.077;0.146;0.212;0.269;0.289;0.327;0.351;0.358;0.372;0.411;0.353;0.389;0.393;1238767;1050091;364252;165855;53174;65802;16027;6148;1917;680;258;99;81;2963151;313;231;25;2;0;571;4427;2468;723647;0.62;5604311;5023296;6799560;4974795;2160727;1211576;1134335;432420;161852;91768;51283;20710;30676;27697309;5730029;3456510;4319952;10977175;9140533;4906009;1864245;762892;237690;198625;41593660;115;;;201046;68778;333313;5.23;15840.0;106.0;0.881665951051953;66.3;68106.089758513
2009;;5061;8146;6603;6972;4067;12142;5303;8812;803;1022;1608;1129;631;24.9201371;6956;6128;7784;0;0;0.1;0.4;0.9;1;1;1;0.001;0.010;0.044;0.077;0.141;0.215;0.270;0.306;0.336;0.346;0.364;0.369;0.411;0.353;0.389;0.393;706486;918586;842432;265106;95453;36032;34671;9079;3402;1068;357;155;115;2912942;124;166;61;0;0;352;3756;2323;564353;0.26;5200071;4767259;4475215;5957253;4082726;1694921;857849;656180;249913;100362;47692;27323;22847;28139611;5577076;3930396;2416993;3700656;6945693;4727082;2206941;858654;327481;190213;30881185;138;;;104233;31009;177458;;16337.0;289.0;0.861285221391604;64.8;29295.2117430837
2010;;2955;5151;4053;2648;5832;3333;9387;3780;5726;536;633;953;1084;24.60874555;6149;5338;6960;0;0;0.2;0.4;0.7;1;1;1;0.001;0.01;0.044;0.077;0.188;0.22;0.251;0.286;0.308;0.333;0.344;0.354;0.373;0.353;0.389;0.393;287140;533017;733052;632175;184455;60105;21835;18580;5449;1933;504;220;178;2478643;248;128;61;1;0;438;3500;2051;643396;0.38;6683926;5132389;4861233;4072078;4939563;2990105;1261783;546902;348960;153527;65513;24875;30202;31111056;14802057;4904170;2336334;1860322;3357171;4327255;2843716;1206054;417629;268918;36323626;61;;;117087;32045;202129;;90156.0;254.0;0.871751504309644;64;39606.7185754178
2011;;12222;19361;15792;1625;2203;4781;2647;7071;2634;3568;335;387;1098;27.71014017;5774;4938;6610;0;0;0.4;0.7;0.8;0.9;1;1;0.001;0.01;0.044;0.118;0.185;0.209;0.246;0.277;0.310;0.322;0.339;0.349;0.364;0.363;0.389;0.393;473404;219028;445057;600065;444145;99312;35847;12241;9690;2583;1069;258;258;2342957;209;181;55;8;0;454;3707;2115;567959;1.05;7483547;6100878;4241194;4872581;3665559;3640896;2099677;858589;366556;193504;85207;40456;34270;33682914;18517015;12923098;3271120;1650914;1613891;2585190;2684504;1362763;816029;394679;45819203;94;1.5;;83051;48024;118078;5.2;31655.0;151.0;0.994925528229996;66.2;75366.2679652817
2012;;3283;6033;4658;6341;1354;1801;3838;2062;5318;1791;2367;217;935;17.8358213;5544;4684;6404;0;0;0.5;0.9;0.9;1;1;1;0.001;0.01;0.044;0.138;0.185;0.256;0.273;0.290;0.305;0.330;0.342;0.361;0.390;0.377;0.389;0.393;553893;328015;172178;352141;460371;266607;54340;19766;6641;4959;1476;707;360;2221454;146;156;88;2;0;392;3586;1997;373847;0.96;4793523;6435719;5854904;3228525;3604041;2898278;2599148;1388862;552617;232924;115615;48998;41879;31795033;18200627;14807332;12169939;2276802;1178572;1603821;2319215;2089712;1076181;899308;56621509;55;;;177189;35046;2111493;6.03;43578.0;1156.0;0.593308080808081;68.9;39674.9869359791
2013;;5529;10178;7854;1883;5307;1113;1443;3030;1575;3909;1261;1649;804;17.40568921;5158;4320;5997;0;0;0.4;0.8;1;1;1;1;0.001;0.01;0.044;0.138;0.204;0.267;0.305;0.309;0.320;0.328;0.346;0.350;0.390;0.377;0.389;0.393;613740;380281;242190;144882;266356;312436;160604;29553;11074;3714;2958;975;829;2169592;324;216;59;7;0;610;3956;1471;558415;1.32;3220460;3666510;5875273;5167586;2320908;2438039;2061105;1516822;755650;321638;126056;70568;50179;27590794;15173469;15156414;11246027;7226372;2191295;1069671;1355113;1601432;1329327;1363701;57712821;56;;;289391;67718;511064;5.13;7970.0;1363.0;0.563008918185343;68.6;46486.7094944416
2014;;3038;6539;4789;3181;1585;4346;890;1136;2353;1176;2860;908;1915;16.61628271;4924;4091;5757;0;0;0.4;0.8;1;1;1;1;0.001;0.01;0.044;0.138;0.198;0.274;0.301;0.326;0.333;0.339;0.347;0.344;0.362;0.362;0.389;0.393;718586;414591;294623;189406;112377;187794;180730;82741;15207;5822;2164;1968;1322;2207331;105;107;39;2;0;253;1949;873;502665;0.66;8120609;2653561;2836051;5056793;3809943;1820046;1749681;1486047;1005593;472405;204054;69010;53444;29337237;34951221;12049711;13315826;7775563;4282644;1315215;905664;962744;984953;1461751;78005292;74;;;136305;42164;230447;;59372.0;169.0;0.517952883834281;68.6;67959.0685425182
2015;;10382;21253;15817;1943;2705;1319;3525;716;907;1846;899;2156;2255;16.02775393;4615;3811;5419;0;0;0.4;0.8;1;1;1;1;0.001;0.01;0.044;0.138;0.187;0.243;0.299;0.326;0.319;0.345;0.346;0.354;0.382;0.376;0.389;0.393;399021;476456;311162;205878;137231;75207;113293;96155;39134;8211;3362;1425;2371;1868906;40;40;13;1;0;94;842;375;419115;0.25;2588980;5729227;2139734;2190824;3546703;2697023;1337925;1268619;1017669;684094;330069;105121;68892;23704880;57777072;30998427;10369579;8225393;4084705;1678424;708618;491099;454668;1011553;115799538;127;;;82749;0;160973;5.89;61199.0;98.0;0.501538461538461;68.6;89147.9225098369
2016;;4504;13129;8816;6422;1658;2272;1086;2870;580;722;1451;694;3525;13.34347593;4336;3577;5095;0;0;0.4;0.8;1;1;1;1;0.001;0.01;0.054;0.115;0.186;0.247;0.293;0.320;0.334;0.353;0.354;0.352;0.361;0.370;0.380;0.388;245294;258817;358690;213638;133400;83785;46398;61925;46742;17838;4801;2213;2715;1476256;32;8;3;0;0;43;328;181;421839;0.24;784490;1945108;4183158;1581349;1786534;2338797;1814684;909373;819252;557457;358043;174934;86911;17340090;29276819;51763155;20193887;7359970;4105291;1695049;657303;320562;199265;543064;116114365;91;;;79439;38415;120464;5.79;47200.0;661.0;0.412638376383764;68.6;15399.0447660587
2017;;2158;12112;7135;3579;5475;1385;1853;866;2281;453;553;1095;3263;22.79754062;4235;3485;4985;0;0;0.4;0.8;1;1;1;1;0.001;0.01;0.054;0.115;0.190;0.247;0.282;0.322;0.338;0.351;0.359;0.361;0.361;0.368;0.380;0.386;688190;190512;187642;241052;137593;77769;47269;25868;28462;22257;10037;3200;3444;1663295;86;124;17;0;0;227;2506;1723;424877;;12549868;832500;1544466;3327781;1275182;1337856;1584788;1282719;622176;560140;339104;214525;155190;25626295;9104584;23379038;41023710;14373309;4332574;1911764;656796;240411;135352;321343;95478881;183;;;153763;34713;272813;;39265.0;;0.735442739079103;68.6;177453.939377472
2018;;0;57788;24928;2891;3025;4454;1082;1377;624;1655;310;368;3089;24.15990119;3826;3065;4587;0;0;0.4;0.8;1;1;1;1;0.001;0.01;0.054;0.115;0.149;0.225;0.260;0.289;0.312;0.343;0.359;0.361;0.369;0.368;0.377;0.386;;405639;130203;135076;140551;80112;38865;25304;11296;12574;12097;6527;4783;1003027;59;60;21;0;0;140;1597;1056;439460;;12549868;10779246;685512;1156774;2501606;831220;788762;965217;716721;389037;258445;221993;205492;32049893;11037772;6697833;18011646;26425229;8372176;2411845;738959;236217;102601;209397;74243675;;;;;;;;40097.0;;0.838473601672765;68.6;172774.398839896
